{
  "accuracy": 0.9856502242152466,
  "precision": 0.9854014598540146,
  "recall": 0.9060402684563759,
  "f1": 0.9440559440559441,
  "confusion_matrix": [
    [
      964,
      2
    ],
    [
      14,
      135
    ]
  ],
  "n_train": 4459,
  "n_test": 1115
}