{
  "accuracy": 0.9739910313901345,
  "precision": 1.0,
  "recall": 0.8053691275167785,
  "f1": 0.8921933085501859,
  "roc_auc": 0.9882654550002085,
  "pr_auc": 0.9721818049733079,
  "confusion_matrix": [
    [
      966,
      0
    ],
    [
      29,
      120
    ]
  ],
  "n_train": 4459,
  "n_test": 1115
}